{
  "uniform": {
    "total": 270,
    "correct": 230,
    "total_k": 2700,
    "reward": 145.0,
    "action_dist": {
      "6": 270
    },
    "accuracy": 0.8518518518518519,
    "avg_k": 10.0,
    "avg_reward": 0.5370370370370371
  },
  "rule_based": {
    "total": 270,
    "correct": 196,
    "total_k": 1116,
    "reward": 130.19999999999993,
    "action_dist": {
      "3": 90,
      "1": 50,
      "2": 43,
      "4": 41,
      "5": 29,
      "0": 17
    },
    "accuracy": 0.725925925925926,
    "avg_k": 4.133333333333334,
    "avg_reward": 0.482222222222222
  },
  "oracle": {
    "total": 270,
    "correct": 270,
    "total_k": 1030,
    "reward": 268.4999999999999,
    "action_dist": {
      "0": 40,
      "1": 40,
      "2": 70,
      "3": 40,
      "4": 40,
      "5": 30,
      "6": 10
    },
    "accuracy": 1.0,
    "avg_k": 3.814814814814815,
    "avg_reward": 0.994444444444444
  },
  "epsilon_greedy": {
    "total": 270,
    "correct": 230,
    "total_k": 1866,
    "reward": 159.69999999999993,
    "action_dist": {
      "2": 2,
      "0": 38,
      "6": 124,
      "4": 21,
      "3": 43,
      "5": 36,
      "1": 6
    },
    "accuracy": 0.8518518518518519,
    "avg_k": 6.911111111111111,
    "avg_reward": 0.5914814814814813
  },
  "ucb": {
    "total": 270,
    "correct": 254,
    "total_k": 2300,
    "reward": 189.0,
    "action_dist": {
      "0": 40,
      "6": 230
    },
    "accuracy": 0.9407407407407408,
    "avg_k": 8.518518518518519,
    "avg_reward": 0.7
  },
  "thompson": {
    "total": 270,
    "correct": 160,
    "total_k": 1952,
    "reward": 82.39999999999995,
    "action_dist": {
      "5": 244,
      "0": 26
    },
    "accuracy": 0.5925925925925926,
    "avg_k": 7.229629629629629,
    "avg_reward": 0.305185185185185
  }
}